{"name":"Palavras do Dia","short_name":"Palavras","description":"Gere cinco palavras do dia e personalize quantidade, tamanho e idioma.","start_url":"/","display":"standalone","background_color":"#eef2ff","theme_color":"#6366f1","lang":"pt-BR","scope":"/","id":"/","dir":"ltr","orientation":"portrait-primary","categories":["education","productivity"],"icons":[{"src":"/icons/word-192.png","sizes":"192x192","type":"image/png"},{"src":"/icons/word-512.png","sizes":"512x512","type":"image/png"},{"src":"/icons/word-maskable-192.png","sizes":"192x192","type":"image/png","purpose":"maskable"},{"src":"/icons/word-maskable-512.png","sizes":"512x512","type":"image/png","purpose":"any maskable"}],"screenshots":[{"src":"/icons/word-512.png","sizes":"512x512","type":"image/png","form_factor":"narrow"}]}